alpha,supported_claim_rate_%,unsupported_claim_rate_%,completeness_%,absolute_claim_flags,diagnosis_like_flags,medication_flags
0.0,38.888888888888886,61.111111111111114,100.0,2.3333333333333335,0.0,0.0
0.25,41.666666666666664,58.333333333333336,100.0,1.0,0.0,0.0
0.5,36.11111111111111,63.88888888888889,100.0,2.0,0.0,0.0
0.75,41.666666666666664,58.333333333333336,100.0,2.3333333333333335,0.0,0.0
1.0,36.11111111111111,63.88888888888889,100.0,1.6666666666666667,0.0,0.0
