risk_group,n,Age_mean,Age_min,Age_max,BMI_mean,BMI_min,BMI_max,Glucose_mean,Glucose_min,Glucose_max,Heart Rate_mean,Heart Rate_min,Heart Rate_max,BP_Systolic_mean,BP_Systolic_min,BP_Systolic_max,BP_Diastolic_mean,BP_Diastolic_min,BP_Diastolic_max,Cholesterol_mean,Cholesterol_min,Cholesterol_max,pct_BP_elevated_or_higher,pct_BP_stage2,pct_BMI_overweight,pct_BMI_obese,pct_Glucose_prediabetes,pct_Glucose_diabetes,pct_Chol_borderline,pct_Chol_high
average_risk,62,57.79032258064516,35.0,93.0,28.44254201112903,25.0,34.8,118.63234395,100.0,148.5,81.1774193548387,70.0,94.0,134.61290322580646,120.0,158.0,85.69354838709677,80.0,98.0,228.63306171612902,200.0,278.5,100.0,22.58064516129032,100.0,14.516129032258066,100.0,14.516129032258066,100.0,14.516129032258066
high_risk,52,67.40384615384616,51.0,92.0,34.11941918903846,30.1,39.86639579,158.24066732115384,126.5,199.4793949,95.51923076923077,80.0,108.0,157.17307692307693,140.0,177.0,102.13461538461539,90.0,119.0,270.5563342980769,240.5,298.8277635,100.0,100.0,100.0,100.0,100.0,100.0,100.0,100.0
low_risk,35,35.628571428571426,20.0,49.0,21.49418606542857,18.72008654,24.9,85.5707755757143,70.1601414,99.5,68.62857142857143,60.0,79.0,106.6,90.0,129.0,69.17142857142858,60.0,84.0,174.9862445342857,150.8128036,199.5,5.714285714285714,0.0,0.0,0.0,0.0,0.0,0.0,0.0
